{
  "strict_passed": 3,
  "fuzzy_passed": 3,
  "total": 157,
  "matched": 124,
  "strict_per_field": {
    "product_name": 0.016129032258064516,
    "price_default": 0.056451612903225805,
    "price_card": 0.6370967741935484,
    "price_discount": 1.0,
    "barcode": 0.04032258064516129,
    "discount_amount": 0.6774193548387096,
    "id_sku": 0.06451612903225806,
    "print_datetime": 0.25,
    "code": 0.25,
    "additional_info": 0.6209677419354839,
    "color": 0.9919354838709677,
    "special_symbols": 0.3870967741935484,
    "qr_code_barcode": 0.016129032258064516,
    "price1_qr": 0.04838709677419355,
    "price2_qr": 0.056451612903225805,
    "price3_qr": 1.0,
    "price4_qr": 0.6612903225806451,
    "wholesale_level_1_count": 0.9919354838709677,
    "wholesale_level_1_price": 0.9919354838709677,
    "wholesale_level_2_count": 0.9919354838709677,
    "wholesale_level_2_price": 0.9919354838709677,
    "action_price_qr": 1.0,
    "action_code_qr": 1.0
  },
  "fuzzy_per_field": {
    "product_name": 0.31451612903225806,
    "price_default": 0.056451612903225805,
    "price_card": 0.6370967741935484,
    "price_discount": 1.0,
    "barcode": 0.04032258064516129,
    "discount_amount": 0.6774193548387096,
    "id_sku": 0.06451612903225806,
    "print_datetime": 0.25,
    "code": 0.25,
    "additional_info": 0.6209677419354839,
    "color": 0.9919354838709677,
    "special_symbols": 0.3870967741935484,
    "qr_code_barcode": 0.016129032258064516,
    "price1_qr": 0.04838709677419355,
    "price2_qr": 0.056451612903225805,
    "price3_qr": 1.0,
    "price4_qr": 0.6612903225806451,
    "wholesale_level_1_count": 0.9919354838709677,
    "wholesale_level_1_price": 0.9919354838709677,
    "wholesale_level_2_count": 0.9919354838709677,
    "wholesale_level_2_price": 0.9919354838709677,
    "action_price_qr": 1.0,
    "action_code_qr": 1.0
  }
}