{
 "coverage": {
  "product_name": 0.43014705882352944,
  "price_default": 0.3805147058823529,
  "price_card": 0.6599264705882353,
  "price_discount": 0.0,
  "barcode": 0.05514705882352941,
  "discount_amount": 0.3713235294117647,
  "id_sku": 0.5128676470588235,
  "print_datetime": 0.8602941176470589,
  "code": 0.04044117647058824,
  "additional_info": 0.12683823529411764,
  "color": 1.0,
  "special_symbols": 0.058823529411764705,
  "qr_code_barcode": 0.003676470588235294,
  "price1_qr": 0.003676470588235294,
  "price2_qr": 0.003676470588235294,
  "price3_qr": 0.0,
  "price4_qr": 0.003676470588235294,
  "wholesale_level_1_count": 0.0,
  "wholesale_level_1_price": 0.0,
  "wholesale_level_2_count": 0.0,
  "wholesale_level_2_price": 0.0,
  "action_price_qr": 0.0,
  "action_code_qr": 0.0
 },
 "plausibility": {
  "price_default": 1.0,
  "price_card": 1.0,
  "price_discount": null,
  "barcode": 1.0,
  "discount_amount": 1.0,
  "id_sku": 1.0,
  "print_datetime": 1.0,
  "additional_info": 1.0,
  "color": 1.0,
  "special_symbols": 1.0,
  "qr_code_barcode": 1.0
 },
 "soft_sim": {
  "product_name": 0.42533284413563355,
  "price_default": 0.33155721966205837,
  "price_card": 0.7338133640552996,
  "price_discount": 1.0,
  "barcode": 0.12604326676907324,
  "discount_amount": 0.6801075268817204,
  "id_sku": 0.3146761392729135,
  "print_datetime": 0.46632453567937443,
  "code": 0.2681003584229391,
  "additional_info": 0.6751352354493272,
  "color": 0.9930875576036866,
  "special_symbols": 0.3387096774193548,
  "qr_code_barcode": 0.024193548387096774,
  "price1_qr": 0.024193548387096774,
  "price2_qr": 0.056451612903225805,
  "price3_qr": 1.0,
  "price4_qr": 0.04838709677419355,
  "wholesale_level_1_count": 0.9919354838709677,
  "wholesale_level_1_price": 0.9919354838709677,
  "wholesale_level_2_count": 0.9919354838709677,
  "wholesale_level_2_price": 0.9919354838709677,
  "action_price_qr": 1.0,
  "action_code_qr": 1.0
 }
}